2018-03-10 13:00:43.445311,69.62,64.85,21.01,18.25,34.49121,40.25608,4.58671,991.6558,29.31663,459.6278,643.4127,138.3027,193.25,2334,65536,7522,1054,0
2018-03-10 13:01:26.778057,69.026,64.0625,20.65,17.875,33.14453,38.72459,3.735883,991.662,29.30967,459.4739,644.8656,138.4734,194.9375,1838,28925,6101,904,0
2018-03-10 13:01:31.656082,68.936,63.95,20.63,17.75,33.19824,38.55778,3.643212,991.6688,29.31226,458.5432,642.3749,138.4163,193.875,1800,28969,6341,928,0
2018-03-10 13:01:37.290578,68.882,63.8375,20.56,17.75,32.97266,38.41411,3.563396,991.6838,29.31226,458.4908,642.9976,138.2884,194.4375,1939,31459,6965,995,0
2018-03-10 13:01:42.202911,69.026,63.95,20.68,17.8125,33.04785,38.53691,3.631618,991.6855,29.30878,459.1879,646.526,138.2746,194.9375,0,65536,6989,999,0
2018-03-10 13:01:47.107837,69.116,64.0625,20.77,17.8125,33.19727,38.72139,3.734107,991.7068,29.30945,458.5855,649.0167,138.0932,195.8125,2047,65536,7331,1035,0
2018-03-10 13:01:52.052598,69.386,64.175,20.86,17.9375,33.1709,39.01033,3.89463,991.6661,29.30634,459.7344,650.6771,138.4392,196.625,2303,65536,7232,1027,0
2018-03-10 13:01:56.887667,69.35,64.175,20.84,17.9375,32.92773,38.84908,3.805043,991.6644,29.3073,459.7818,650.8846,138.4535,197,2303,65536,7283,1031,0
2018-03-10 13:02:01.881072,69.332,64.175,20.81,17.9375,32.7168,38.52355,3.624197,991.6542,29.30537,460.0678,649.2242,138.5396,196.8125,2303,31506,6778,978,0
2018-03-10 13:02:06.787403,69.44,64.175,20.93,17.9375,32.69238,38.69954,3.721966,991.65,29.30234,460.1863,652.7526,138.5753,197.1875,2303,65536,7978,1102,0
2018-03-10 13:02:11.724603,69.746,64.5125,21.14,18.125,32.97168,39.07225,3.929029,991.6649,29.30715,459.7666,651.5073,138.4489,196.875,2559,65536,8362,1140,0
2018-03-10 13:02:16.531243,69.962,64.625,21.2,18.1875,32.7002,39.10502,3.947232,991.6319,29.30441,460.6973,650.8846,138.7292,196.8125,2559,65536,8457,1149,0
2018-03-10 13:02:21.352193,70.124,64.625,21.23,18.1875,32.64844,39.20881,4.004891,991.6546,29.30264,460.0577,653.5828,138.5365,196.9375,2815,65536,8810,1183,0
2018-03-10 13:02:26.443349,70.034,64.625,21.21,18.125,32.94434,39.44659,4.136992,991.6397,29.30419,460.4774,655.2432,138.6629,197.125,2559,65536,9037,1206,0
2018-03-10 13:02:31.354295,69.602,64.175,20.98,17.9375,32.4541,38.35141,3.528559,991.6763,29.30034,459.4468,655.6583,138.3526,198.5625,2815,65536,9084,1210,0
2018-03-10 13:02:36.262629,69.908,64.0625,21.07,17.875,32.66895,38.81339,3.785218,991.6544,29.30034,460.0644,655.2432,138.5386,198.25,2815,65536,8906,1191,0
2018-03-10 13:02:41.184935,69.782,64.0625,21.1,17.875,33.49707,39.60929,4.227382,991.7216,29.30086,458.1709,658.3565,137.9684,197.625,2815,65536,10947,1400,0
2018-03-10 13:02:46.101235,69.638,64.0625,21.13,17.875,33.06934,39.0254,3.903001,991.7227,29.29553,458.1405,658.149,137.9592,199.375,703,65536,11120,1422,0
2018-03-10 13:02:51.028137,70.25,64.2875,21.37,18,32.6582,39.31555,4.064195,991.7595,29.30071,457.1032,657.3187,137.6469,198.3125,701,65536,10607,1370,0
2018-03-10 13:02:55.936492,70.412,64.625,21.53,18.1875,32.57031,39.31496,4.063865,991.7338,29.30027,457.8275,656.0734,137.865,197.5625,701,65536,10554,1363,0
2018-03-10 13:03:00.844683,70.916,64.7375,21.78,18.3125,33.00781,40.06021,4.477895,991.7687,29.29953,456.8427,656.9036,137.5684,198.4375,701,65536,11226,1433,0
2018-03-10 13:03:05.752169,71.132,65.075,21.9,18.4375,32.31152,39.82052,4.344736,991.7078,29.29568,458.5584,661.2623,138.0851,199.375,962,65536,11695,1481,0
2018-03-10 13:03:10.872948,71.618,65.6375,22.21,18.75,32.26758,40.22619,4.570106,991.7623,29.29856,457.0237,659.3943,137.6229,199.25,963,65536,11699,1482,0
2018-03-10 13:03:16.403767,72.122,65.975,22.49,18.9375,32.01172,40.48978,4.716542,991.8072,29.29582,455.7598,663.7529,137.2423,199.8125,65535,65536,12172,1530,0
2018-03-10 13:03:21.324664,72.104,65.975,22.36,18.9375,31.92578,40.43782,4.687676,991.7589,29.29175,457.1202,664.5831,137.652,200.3125,65535,65536,12323,1544,0
2018-03-10 13:03:26.235236,72.284,66.2,22.45,19,32.04199,40.62767,4.793152,991.692,29.29338,459.0051,662.7151,138.2196,199.9375,65535,65536,12311,1543,0
2018-03-10 13:03:31.151855,72.464,66.3125,22.58,19.1875,31.96289,40.76477,4.869319,991.7395,29.29375,457.6667,663.7529,137.8165,200.125,65535,65536,12349,1548,0
2018-03-10 13:03:35.931034,72.77,66.7625,22.82,19.375,32.05762,41.04211,5.023395,991.6467,29.2939,460.2793,663.5453,138.6033,199.875,65535,65536,12604,1574,0
2018-03-10 13:03:40.980867,73.31,67.1,23.12,19.5625,31.64746,41.2807,5.155946,991.6442,29.2959,460.3488,659.6018,138.6242,199.3125,65535,65536,12675,1581,0
2018-03-10 13:03:45.801841,73.598,67.325,23.31,19.75,31.41797,41.28844,5.160242,991.6498,29.2956,460.193,660.8472,138.5773,200.1875,65535,65536,12709,1585,0
2018-03-10 13:03:50.813145,74.228,67.775,23.62,19.875,31.18555,41.648,5.360002,991.6935,29.29545,458.9612,661.6774,138.2063,199.5625,65535,65536,12633,1579,0
2018-03-10 13:03:55.611654,74.588,68,23.89,20.0625,31.08203,41.76193,5.423296,991.6404,29.29323,460.4554,663.5453,138.6563,200.125,65535,65536,12624,1578,0
2018-03-10 13:04:00.662826,74.984,68.225,23.99,20.1875,30.81152,42.01785,5.565474,991.6418,29.29086,460.4164,666.2435,138.6446,200.375,65535,65536,12707,1588,0
2018-03-10 13:04:05.554940,75.398,68.5625,24.24,20.3125,30.78418,42.31688,5.731597,991.6485,29.29242,460.2286,664.3755,138.588,200.8125,65535,65536,12688,1587,0
2018-03-10 13:04:10.463647,75.668,68.675,24.47,20.5,30.67773,42.44891,5.804949,991.6528,29.29286,460.1068,664.5831,138.5513,200.625,65535,65536,12565,1577,0
2018-03-10 13:04:15.393810,76.226,69.125,24.72,20.625,30.31836,42.70693,5.948296,991.6316,29.2882,460.7058,669.9794,138.7317,202.0625,65535,65536,12480,1568,0
2018-03-10 13:04:20.424672,76.586,69.35,24.92,20.8125,29.99902,42.67832,5.932401,991.6656,29.29109,459.7463,666.2435,138.4428,201.0625,65535,65536,12380,1558,0
2018-03-10 13:04:25.231295,76.676,69.4625,25,20.8125,29.57031,42.4699,5.816613,991.6381,29.28827,460.5213,667.9039,138.6762,201.625,65535,65536,12315,1551,0
2018-03-10 13:04:30.056609,76.946,69.35,24.95,20.75,29.31152,42.53728,5.854043,991.6568,29.2882,459.9951,668.9417,138.5177,201.875,65535,65536,11980,1517,0
2018-03-10 13:04:35.069800,76.424,69.125,24.64,20.625,29.25781,41.95237,5.529092,991.6325,29.28938,460.6787,668.7341,138.7236,201.625,65535,65536,11919,1512,0
2018-03-10 13:04:39.963118,75.992,69.0125,24.55,20.5,28.99707,41.30988,5.172153,991.6247,29.28731,460.8987,668.5266,138.7898,201.5625,65535,65536,11279,1445,0
2018-03-10 13:04:44.888719,75.344,68.45,24.13,20.25,29.23633,40.90524,4.947353,991.6702,29.28776,459.6194,671.2248,138.4046,202.3125,65535,65536,12073,1526,0
2018-03-10 13:04:49.805622,74.75,68,23.83,20,29.30469,40.44934,4.69408,991.6425,29.28457,460.3978,672.8852,138.639,203.375,65535,65536,11941,1513,0
2018-03-10 13:04:54.633675,73.976,67.55,23.46,19.8125,29.67969,40.02357,4.45754,991.6544,29.28702,460.0644,669.5643,138.5386,202.25,65535,65536,11923,1512,0
2018-03-10 13:04:59.631754,72.644,66.425,22.58,19.125,29.95313,39.06495,3.924971,991.5847,29.28213,462.0257,673.5078,139.1292,203,65535,65536,11803,1498,0
2018-03-10 13:05:04.545708,72.536,65.8625,22.42,18.8125,30.01953,39.17429,3.985715,991.682,29.27673,459.286,674.7532,138.3042,204.375,65535,65536,11924,1510,0
2018-03-10 13:05:09.329897,71.87,65.525,22.33,18.6875,30.08984,38.65031,3.694615,991.6747,29.27961,459.4925,675.9985,138.3663,204,65535,65536,11417,1458,0
2018-03-10 13:05:14.377529,71.33,65.075,22.01,18.375,30.32227,38.30279,3.501549,991.7395,29.28391,457.6667,674.7532,137.8165,203.4375,65535,65536,11065,1420,0
2018-03-10 13:05:19.298137,71.114,64.7375,21.71,18.1875,30.45605,38.29246,3.495809,991.6789,29.28057,459.3723,674.5456,138.3302,203.4375,65535,65536,11033,1417,0
2018-03-10 13:05:24.211947,70.32201,64.175,21.31,17.9375,30.66016,37.67948,3.155267,991.6468,29.28213,460.2776,674.7532,138.6028,203.6875,65535,65536,10316,1340,0
2018-03-10 13:05:29.008445,70.376,64.4,21.5,18,30.86133,37.9931,3.329501,991.6614,29.28361,459.8665,673.7154,138.479,203.4375,65535,65536,10226,1330,0
2018-03-10 13:05:33.855257,70.538,64.4,21.57,18.0625,30.9541,38.21152,3.450848,991.6147,29.28309,461.1796,673.0927,138.8744,203.0625,65535,65536,10250,1333,0
2018-03-10 13:05:38.946770,70.934,64.625,21.76,18.25,30.85645,38.39638,3.553543,991.5421,29.28294,463.2273,672.6776,139.491,203.5,65535,65536,10797,1394,0
2018-03-10 13:05:43.907910,70.88,64.7375,21.79,18.1875,31.12402,38.48403,3.602238,991.5653,29.28287,462.5723,673.0927,139.2938,203.125,65535,65536,10114,1321,0
2018-03-10 13:05:48.787708,71.258,64.85,21.98,18.3125,30.82715,38.79829,3.776827,991.598,29.28205,461.6517,675.5834,139.0166,203.4375,65535,65536,10102,1316,0
2018-03-10 13:05:53.698860,71.42,64.9625,22.1,18.375,30.66016,38.74361,3.746451,991.6329,29.28383,460.6685,672.4701,138.7205,203.125,65535,65536,10140,1322,0
2018-03-10 13:05:58.499728,71.924,65.1875,22.32,18.5,30.72949,39.22567,4.014263,991.6049,29.28191,461.4588,672.055,138.9585,202.9375,65535,65536,10105,1322,0
2018-03-10 13:06:03.535310,72.302,65.3,22.51,18.5,30.65527,39.53947,4.188595,991.5267,29.28465,463.6588,673.3003,139.621,203.25,65535,65536,9993,1313,0
2018-03-10 13:06:08.436997,72.158,65.1875,22.45,18.5,30.87109,39.49289,4.162715,991.5992,29.28257,461.6162,673.0927,139.0059,202.875,65535,65536,10096,1324,0
2018-03-10 13:06:13.412557,72.086,64.85,22.24,18.3125,32.58984,40.22464,4.569243,991.6713,29.29923,459.5872,665.6208,138.3949,201.375,65535,65536,10984,1397,0
2018-03-10 13:06:18.267261,72.302,64.9625,22.49,18.375,31.23828,40.18763,4.548683,991.6699,29.28635,459.6278,667.9039,138.4071,201.5625,65535,65536,11017,1402,0
2018-03-10 13:06:23.067688,72.482,65.1875,22.6,18.5,31.07031,39.9503,4.416832,991.6667,29.28716,459.7159,668.319,138.4336,201.5625,65535,65536,10899,1389,0
2018-03-10 13:06:27.878018,72.644,65.4125,22.72,18.625,30.85645,40.09722,4.498457,991.7156,29.28709,458.3401,667.2813,138.0193,200.9375,65535,65536,11115,1415,0
2018-03-10 13:06:32.994190,72.42799,65.3,22.47,18.5,30.26563,39.52515,4.180636,991.7161,29.28531,458.3266,667.4888,138.0153,201.875,65535,65536,11114,1412,0
2018-03-10 13:06:37.779415,72.104,65.075,22.42,18.4375,30.15137,38.93538,3.852986,991.7126,29.28694,458.4231,667.2813,138.0443,201.625,65535,65536,11087,1412,0
2018-03-10 13:06:42.780514,71.708,64.85,22.23,18.3125,30.27051,38.63392,3.685512,991.7209,29.28946,458.1896,665.6208,137.974,200.8125,65535,65536,11274,1431,0
2018-03-10 13:06:55.034123,72.068,65.075,22.47,18.4375,30.34277,39.01519,3.897328,991.6589,29.28901,459.9358,667.2813,138.4998,201.625,65535,65536,11807,1484,0
2018-03-10 13:07:00.057628,71.78,64.85,22.17,18.25,29.77051,38.2785,3.488054,991.6603,29.28931,459.8952,665.2057,138.4876,200.5,65535,65536,11989,1502,0
2018-03-10 13:07:04.878696,71.24,64.5125,22.01,18.125,30.01367,37.98896,3.327201,991.6733,29.28998,459.5314,663.7529,138.3781,200.25,65535,65536,11881,1493,0
2018-03-10 13:07:09.878026,71.096,64.2875,21.83,18,30.24414,38.055,3.363886,991.649,29.28665,460.215,668.319,138.5839,201.375,65535,65536,12075,1508,0
2018-03-10 13:07:14.800343,71.06,64.2875,21.84,17.9375,30.20117,38.05981,3.366561,991.6606,29.28694,459.8868,666.8661,138.4851,201.5,65535,65536,12331,1533,0
2018-03-10 13:07:19.611468,71.33,64.175,21.93,17.875,30.32813,38.33971,3.52206,991.6509,29.28627,460.1609,668.5266,138.5676,202.1875,65535,65536,12362,1536,0
2018-03-10 13:07:24.643889,71.096,64.0625,21.79,17.8125,30.40723,38.23108,3.461714,991.6622,29.28413,459.8445,671.6399,138.4723,202.125,65535,65536,12240,1524,0
2018-03-10 13:07:29.538026,70.556,63.725,21.54,17.625,31.15039,38.33628,3.520155,991.6047,29.28398,461.4639,673.3003,138.96,202.9375,65535,65536,12449,1544,0
2018-03-10 13:07:34.408404,70.628,63.8375,21.63,17.6875,31.05762,38.32856,3.515865,991.6255,29.28354,460.875,669.9794,138.7827,202.25,65535,65536,12494,1550,0
2018-03-10 13:07:39.196597,71.024,63.95,21.73,17.75,30.84375,38.67878,3.710432,991.6462,29.28642,460.2929,668.319,138.6074,202.5,65535,65536,12250,1528,0
2018-03-10 13:07:44.283242,70.628,63.6125,21.43,17.5,30.51367,37.94672,3.303734,991.7094,29.28361,458.5161,671.4323,138.0723,202.25,65535,65536,12233,1526,0
2018-03-10 13:07:49.209900,70.628,63.725,21.64,17.6875,30.36328,37.80837,3.226872,991.673,29.28576,459.5399,668.1115,138.3806,202.375,65535,65536,12585,1559,0
2018-03-10 13:07:54.117861,70.988,63.8375,21.82,17.75,30.21094,38.01278,3.340433,991.6496,29.28531,460.1982,668.319,138.5788,201.75,65535,65536,12652,1564,5.12
2018-03-10 13:07:58.910469,71.33,64.0625,22.02,17.875,30.38965,38.36758,3.537542,991.6685,29.2882,459.6668,666.0359,138.4188,201.4375,65535,65536,12385,1538,0
2018-03-10 13:08:03.951354,71.798,64.2875,22.21,18,30.36914,38.88197,3.823317,991.6564,29.28975,460.0052,664.168,138.5207,200.375,65535,65536,12472,1547,0
2018-03-10 13:08:08.739284,71.672,64.0625,22.09,17.875,30.0957,38.51784,3.621023,991.647,29.28827,460.2709,668.1115,138.6007,200.9375,65535,65536,12372,1537,0
2018-03-10 13:08:13.781866,71.78,64.2875,22.26,17.9375,29.99805,38.39079,3.550436,991.6108,29.28901,461.2913,666.0359,138.908,201.25,65535,65536,12254,1528,0
2018-03-10 13:08:18.572713,71.762,64.0625,22.18,17.875,30.26855,38.66442,3.702457,991.6373,29.28953,460.5433,667.2813,138.6828,201.25,65535,65536,12196,1521,0
2018-03-10 13:08:23.355226,71.924,64.175,22.26,17.875,30.39453,38.98588,3.881044,991.6383,29.28813,460.5163,669.1492,138.6746,201.75,65535,65536,11789,1480,0
2018-03-10 13:08:28.520005,71.852,64.0625,22.07,17.75,30.42578,38.86589,3.814382,991.6319,29.28494,460.6973,671.0172,138.7292,202.625,65535,65536,11275,1427,0
2018-03-10 13:08:33.421656,71.204,63.6125,21.73,17.625,30.34766,38.29072,3.494843,991.6462,29.28324,460.2929,669.9794,138.6074,202.875,65535,65536,11318,1430,0
2018-03-10 13:08:38.510008,71.078,63.3875,21.73,17.375,30.40234,38.15002,3.416677,991.5714,29.28509,462.3997,668.7341,139.2418,202.25,65535,65536,10874,1385,0
2018-03-10 13:08:43.440235,70.97,63.3875,21.74,17.4375,30.44727,38.2095,3.44972,991.5924,29.28968,461.8091,666.2435,139.0639,201.125,65535,65536,11023,1401,0
2018-03-10 13:08:48.241971,70.898,63.275,21.66,17.5,30.56348,38.16228,3.42349,991.6184,29.28709,461.0764,667.9039,138.8433,201.375,65535,65536,10555,1350,0
2018-03-10 13:08:53.073586,70.934,63.3875,21.7,17.5,30.74219,38.40527,3.558483,991.5217,29.28716,463.7993,669.5643,139.6633,202.0625,65535,65536,11098,1409,0
2018-03-10 13:08:58.022953,70.952,63.275,21.68,17.4375,30.70898,38.38537,3.547427,991.6069,29.28339,461.4013,669.7719,138.9411,202.1875,65535,65536,10970,1396,0
2018-03-10 13:09:02.827664,70.826,63.3875,21.79,17.5,30.81543,38.34507,3.525039,991.5999,29.28524,461.5993,670.3945,139.0008,202.1875,65535,65536,10933,1390,0
2018-03-10 13:09:07.851537,70.682,63.1625,21.5,17.3125,30.65137,38.09592,3.386622,991.5872,29.28605,461.9564,669.1492,139.1083,201.75,65535,65536,10818,1380,0
2018-03-10 13:09:12.764666,70.268,62.7125,21.26,17.125,30.83301,37.81278,3.229324,991.5547,29.28413,462.8719,670.6021,139.384,202.875,65535,65536,10603,1358,0
2018-03-10 13:09:17.554165,70.07,62.6,21.29,17.0625,31.05566,37.77931,3.21073,991.5383,29.28361,463.3339,670.3945,139.5231,202.4375,65535,65536,10642,1362,0
2018-03-10 13:09:22.544938,69.998,62.6,21.21,17,31.18262,37.89487,3.274929,991.4942,29.28368,464.5744,670.8096,139.8967,201.4375,65535,65536,10782,1376,0
2018-03-10 13:09:27.342474,70.358,62.825,21.45,17.125,31.16699,38.2745,3.485835,991.5697,29.28946,462.4488,668.319,139.2566,201.25,65535,65536,10485,1344,0
2018-03-10 13:09:32.433555,70.502,62.7125,21.52,17.125,31.29199,38.3683,3.537943,991.5053,29.28864,464.2613,667.6964,139.8024,201.0625,65535,65536,10265,1318,0
2018-03-10 13:09:37.222553,70.808,63.05,21.67,17.3125,31.37891,38.78931,3.771837,991.591,29.29138,461.848,664.9982,139.0757,201.0625,65535,65536,10121,1303,0
2018-03-10 13:09:42.265553,71.06,63.275,21.79,17.375,31.80762,39.19683,3.998242,991.5695,29.29086,462.4539,664.5831,139.2581,199.9375,65535,65536,10208,1315,0
2018-03-10 13:09:47.162558,71.114,63.5,21.8,17.5,31.75293,39.41547,4.119703,991.5373,29.28894,463.361,664.168,139.5313,200.9375,65535,65536,10181,1313,0
2018-03-10 13:09:52.085922,70.952,63.05,21.67,17.25,31.73242,39.25956,4.033086,991.5952,29.29161,461.7296,663.9604,139.04,200.5,65535,65536,10045,1297,0
2018-03-10 13:09:56.879428,70.268,62.2625,21.2,16.8125,31.48926,38.36283,3.534908,991.5394,29.28739,463.3018,668.1115,139.5134,201.5,65535,65536,9938,1286,0
2018-03-10 13:10:01.917246,69.98,62.2625,21.2,16.875,31.44629,38.1294,3.405224,991.5388,29.28887,463.3203,665.6208,139.519,200.625,65535,65536,10008,1292,0
2018-03-10 13:10:06.832451,69.602,62.15,21.04,16.8125,31.65527,37.85828,3.254603,991.5123,29.28842,464.0633,666.2435,139.7428,201.25,65535,65536,9686,1259,0
2018-03-10 13:10:11.739957,69.818,62.2625,21.09,16.875,31.7793,38.20381,3.446559,991.4888,29.28938,464.7284,666.2435,139.943,200.8125,65535,65536,9506,1241,0
2018-03-10 13:10:16.655621,70.088,62.6,21.3,17.0625,31.34375,38.20873,3.449294,991.5284,29.28857,463.6097,665.6208,139.6062,200.5,65535,65536,9487,1237,0
2018-03-10 13:10:21.568831,70.412,62.9375,21.48,17.1875,31.02441,38.22343,3.457461,991.5581,29.29138,462.7754,663.9604,139.3549,200.625,65535,65536,9356,1226,0
2018-03-10 13:10:26.508545,70.682,63.05,21.64,17.3125,31.05859,38.48624,3.603466,991.5497,29.29286,463.0124,663.5453,139.4263,200.25,65535,65536,9242,1213,0
2018-03-10 13:10:31.427456,70.556,63.05,21.57,17.25,30.9209,38.23686,3.464923,991.5089,29.29353,464.1598,662.5076,139.7718,199.1875,65535,65536,9231,1211,0
2018-03-10 13:10:36.315969,70.358,62.825,21.45,17.125,31.81543,38.6407,3.689279,991.5703,29.29064,462.4302,665.4133,139.251,200.25,65535,65536,9070,1196,0
2018-03-10 13:10:41.108466,70.32201,62.825,21.33,17.125,31.76367,38.69658,3.720323,991.5294,29.2919,463.5844,662.3,139.5985,200.25,65535,65536,8947,1184,0
2018-03-10 13:10:46.152366,70.232,62.825,21.32,17.1875,31.43262,38.39315,3.551748,991.5178,29.29368,463.9093,663.3378,139.6964,200,65535,65536,8942,1186,0
2018-03-10 13:10:51.086619,70.34,62.9375,21.39,17.25,31.4707,38.44635,3.581306,991.5231,29.29079,463.7604,663.7529,139.6515,199.8125,65535,65536,8874,1179,0
2018-03-10 13:10:55.978534,70.556,63.05,21.4,17.25,31.61426,38.72223,3.734569,991.5131,29.29309,464.0413,664.3755,139.7361,200,65535,65536,8882,1179,0
2018-03-10 13:11:00.899736,70.268,62.9375,21.27,17.1875,31.8252,38.63912,3.688399,991.5183,29.29183,463.8958,664.5831,139.6923,200.625,65535,65536,8689,1161,0
2018-03-10 13:11:05.791825,69.962,62.4875,21.22,17,31.55762,38.15717,3.420648,991.5457,29.29116,463.1257,664.7906,139.4604,200.9375,65535,65536,8651,1157,0
2018-03-10 13:11:11.093709,69.818,62.375,21.05,16.875,31.76563,38.26659,3.481441,991.4709,29.29086,465.2311,666.2435,140.0944,200.9375,65535,65536,8715,1163,0
2018-03-10 13:11:17.276748,69.53,62.2625,20.95,16.8125,31.92285,38.18097,3.433874,991.5034,29.28924,464.3172,666.451,139.8192,200.6875,65535,65536,8639,1155,0
2018-03-10 13:11:22.199611,69.782,62.2625,21.1,16.875,31.89063,38.40165,3.556474,991.4127,29.29175,466.8711,665.2057,140.5883,200.6875,65535,65536,8639,1156,0
2018-03-10 13:11:27.116295,69.746,62.4875,21.14,17,31.72754,38.11254,3.395854,991.4666,29.29064,465.3529,666.2435,140.1311,200.3125,65535,65536,8871,1178,0
2018-03-10 13:11:32.030517,70.124,62.825,21.32,17.125,31.42188,38.38483,3.547131,991.5262,29.29227,463.674,664.168,139.6255,200.125,65535,65536,9191,1210,0
2018-03-10 13:11:36.940954,70.394,62.9375,21.44,17.1875,31.08789,38.32426,3.513479,991.4736,29.29212,465.1549,664.9982,140.0715,200.8125,65535,65536,9219,1211,0
2018-03-10 13:11:41.843831,70.52,63.05,21.53,17.375,31.07227,38.34007,3.522258,991.5259,29.29353,463.6808,660.432,139.6276,199.8125,65535,65536,9256,1218,0
2018-03-10 13:11:46.773199,70.718,63.275,21.65,17.4375,31.01563,38.44637,3.581318,991.5175,29.29212,463.9178,662.9227,139.6989,200.8125,65535,65536,9483,1242,0
2018-03-10 13:11:51.737300,70.412,63.05,21.38,17.1875,30.74219,37.94311,3.301729,991.4808,29.28968,464.9535,668.319,140.0108,201.0625,65535,65536,9570,1249,0
2018-03-10 13:11:56.611260,69.926,62.7125,21.18,17.125,31.17969,37.7034,3.168558,991.4576,29.2879,465.6051,667.0737,140.207,202,65535,65536,9741,1267,0
2018-03-10 13:12:01.534487,69.998,62.6,21.08,16.9375,31.2832,37.99362,3.329788,991.4109,29.29161,466.9202,672.055,140.603,201.625,65535,2649,1074,345,0
2018-03-10 13:12:06.430323,69.836,62.825,21.2,17.25,31.89746,38.52064,3.622577,991.6667,29.29212,459.7159,658.5641,138.4336,199,65535,65536,10827,1374,0
2018-03-10 13:12:11.359472,69.242,62.7125,20.97,17.25,31.26465,37.34531,2.96962,991.6863,29.28909,459.1659,660.2245,138.268,199.625,65535,65536,11106,1427,0
2018-03-10 13:12:16.264752,69.998,63.275,21.1,17.3125,31.2627,37.95702,3.309457,991.4439,29.29212,465.991,653.1677,140.3232,196.25,65535,1896,736,313,0
2018-03-10 13:12:21.183040,69.404,63.1625,20.89,17.3125,31.29199,37.34854,2.971412,991.6021,29.29923,461.5367,644.658,138.9819,195.4375,65535,4702,1045,376,0
2018-03-10 13:12:26.104226,69.062,62.7125,20.59,17.0625,31.7334,37.36025,2.977919,991.4124,29.30708,466.8795,656.4885,140.5908,197.75,65535,4486,12555,1571,0
2018-03-10 13:12:31.009769,69.17,62.4875,20.71,17,31.25781,37.54671,3.081506,991.4703,29.29286,465.2463,669.1492,140.099,201.25,65535,65536,8905,1140,0
2018-03-10 13:12:35.926668,68.954,62.7125,20.59,17.125,34.22754,38.11049,3.394718,991.3901,29.28553,467.5058,688.8667,140.7794,206.0625,65535,9465,8818,1168,0
2018-03-10 13:12:40.849013,69.044,63.1625,20.82,17.375,31.74902,37.65254,3.140301,991.5031,29.28102,464.324,690.7347,139.8212,207.9375,65535,16481,8635,1187,0
2018-03-10 13:12:45.660578,69.584,63.8375,21.03,17.75,31.23535,37.69949,3.166385,991.4295,29.27983,466.3972,685.7534,140.4456,205.75,65535,16604,8518,1174,0
2018-03-10 13:12:50.487466,70.034,64.5125,21.26,18.0625,31.04297,37.88239,3.267994,991.4796,29.28509,464.9874,686.7912,140.021,205.875,65535,17104,8638,1187,0
2018-03-10 13:12:55.329494,70.556,65.075,21.53,18.375,31.01758,38.2818,3.489888,991.5618,29.28539,462.6722,688.8667,139.3239,206.1875,65535,17399,8693,1193,0
2018-03-10 13:13:00.127756,70.718,65.4125,21.72,18.625,31.16309,38.50085,3.611584,991.5417,29.28509,463.2357,685.7534,139.4935,206.375,65535,17595,8613,1184,0
2018-03-10 13:13:04.956652,71.006,66.0875,21.86,19,30.89648,38.70724,3.726248,991.5795,29.2842,462.1713,685.1308,139.173,205.9375,65535,18138,8684,1191,0
2018-03-10 13:13:10.338268,71.096,66.3125,21.88,19.125,30.66699,38.46059,3.589217,991.4895,29.28405,464.7064,684.093,139.9364,205.25,65535,19151,9232,1250,0
2018-03-10 13:13:15.245416,71.204,66.65,21.85,19.3125,30.60938,38.38302,3.546122,991.5363,29.28361,463.3881,684.5081,139.5394,206,65535,19346,9275,1252,0
2018-03-10 13:13:20.161905,71.276,66.65,21.89,19.3125,30.50195,38.47586,3.597697,991.506,29.28257,464.241,687.6214,139.7963,205.625,65535,19270,9075,1233,0
2018-03-10 13:13:25.108883,70.988,66.65,21.87,19.4375,30.74316,38.46364,3.590912,991.5564,29.28376,462.8228,684.093,139.3692,205.5,65535,19420,8853,1210,0
2018-03-10 13:13:30.007915,71.6,67.2125,22.07,19.625,30.65723,38.90608,3.83671,991.5392,29.28354,463.3068,688.8667,139.515,207.125,65535,19653,8872,1212,0
2018-03-10 13:13:34.975010,71.798,67.55,22.21,19.8125,30.5791,39.04762,3.915344,991.4975,29.2808,464.4814,690.3196,139.8686,207.3125,65535,20020,8776,1199,0
2018-03-10 13:13:39.824241,72.032,67.8875,22.34,20,30.03516,38.85135,3.806304,991.5231,29.27858,463.7604,688.0365,139.6515,206.9375,65535,20235,8899,1217,0
2018-03-10 13:13:44.734651,72.284,68.225,22.58,20.1875,30.18457,38.9761,3.875611,991.457,29.28117,465.622,687.829,140.2121,206.9375,65535,20615,8982,1224,0
2018-03-10 13:13:49.658509,72.77,68.675,22.84,20.4375,30.22461,39.54483,4.191575,991.485,29.28191,464.8351,690.9423,139.9751,207.4375,65535,22945,9960,1329,0
2018-03-10 13:13:54.572769,73.382,69.125,23.13,20.6875,29.90137,39.87077,4.37265,991.4355,29.27872,466.2262,689.2819,140.3941,206.75,65535,22075,9362,1268,0
2018-03-10 13:13:59.489050,73.868,69.4625,23.36,20.9375,29.70605,40.15636,4.531309,991.5061,29.27969,464.2393,688.4516,139.7958,207.1875,65535,24221,10057,1342,0
2018-03-10 13:14:04.409381,74.048,69.8,23.3,21,29.53613,40.08936,4.494089,991.5139,29.27828,464.0193,690.1121,139.7295,207.4375,65535,24116,9703,1305,0
2018-03-10 13:14:09.192989,74.246,70.1375,23.64,21.25,29.40332,40.25674,4.587081,991.5231,29.27858,463.7604,689.4894,139.6515,207.1875,65535,24002,9612,1295,0
2018-03-10 13:14:14.227701,74.246,70.1375,23.57,21.1875,29.70801,40.23813,4.576739,991.5226,29.27954,463.7739,688.2441,139.6556,207,65535,24190,9400,1273,0
2018-03-10 13:14:19.148122,74.48,70.1375,23.41,21.1875,29.70898,40.86845,4.926919,991.51,29.27983,464.1293,688.8667,139.7626,207.0625,65535,24811,9419,1277,0
2018-03-10 13:14:23.978809,73.904,69.9125,23.33,21.125,29.54883,40.0649,4.480499,991.4839,29.27821,464.8655,690.7347,139.9843,207.375,65535,24838,9355,1269,0
2018-03-10 13:14:28.963051,74.282,70.25,23.61,21.375,29.1582,40.01008,4.450045,991.4952,29.28102,464.5473,688.0365,139.8885,206.6875,65535,25258,9151,1246,0
2018-03-10 13:14:33.893149,74.67799,70.7,23.86,21.5625,29.07422,40.24923,4.582907,991.4706,29.28087,465.2378,687.2063,140.0964,207.0625,65535,25351,9195,1251,0
2018-03-10 13:14:38.713675,75.164,71.0375,24.02,21.6875,28.80762,40.47916,4.710648,991.528,29.28065,463.6233,690.1121,139.6102,207.0625,65535,25555,8997,1231,0
2018-03-10 13:14:43.719728,74.768,70.7,23.67,21.5625,29.07324,40.23257,4.573653,991.5106,29.2768,464.1141,691.1498,139.758,207.8125,65535,25850,8954,1226,0
2018-03-10 13:14:48.513421,74.588,70.8125,23.79,21.625,29.32422,40.21678,4.564878,991.4925,29.27983,464.6235,688.8667,139.9114,207.4375,65535,26575,8894,1219,0
2018-03-10 13:14:53.562897,74.82201,71.0375,23.93,21.6875,29.14551,40.34891,4.638284,991.5157,29.27887,463.9702,690.9423,139.7147,207.25,65535,25622,8544,1180,0
2018-03-10 13:14:58.472830,74.894,71.15,24.04,21.8125,29.46289,40.76233,4.867958,991.4773,29.27747,465.0517,687.2063,140.0404,207.0625,65535,25198,8330,1159,0
2018-03-10 13:15:03.396359,75.128,71.375,24.13,21.9375,29.45703,40.90547,4.947482,991.4493,29.28131,465.8404,686.5837,140.2779,206.25,65535,24498,7946,1115,0
2018-03-10 13:15:08.301617,75.326,71.6,24.13,22,29.28027,40.86993,4.927736,991.4758,29.28242,465.0923,686.7912,140.0526,206.25,65535,25375,8106,1134,0
2018-03-10 13:15:13.214485,75.38,71.7125,24.13,22.125,28.49316,40.38686,4.659363,991.4842,29.28457,464.857,686.7912,139.9818,206.125,65535,25447,8045,1126,0
2018-03-10 13:15:19.765201,75.452,71.825,24.21,22.125,28.09863,40.15244,4.529133,991.4619,29.28383,465.4866,687.6214,140.1714,206.625,65535,24991,7808,1101,0
2018-03-10 13:15:24.683604,75.344,71.7125,24.16,22.0625,28.15039,39.96581,4.425452,991.4766,29.28428,465.072,688.0365,140.0465,206.0625,65535,25553,7805,1101,0
2018-03-10 13:15:29.599950,75.254,71.7125,24.17,22.1875,28.19531,39.91477,4.397096,991.444,29.28265,465.9893,689.0743,140.3227,207.25,65535,25273,7798,1100,0
2018-03-10 13:15:34.505435,75.344,71.825,24.17,22.1875,28.50684,40.08578,4.492101,991.488,29.28198,464.7487,689.9045,139.9492,207.9375,65535,25053,7668,1087,0
2018-03-10 13:15:39.415020,75.416,71.825,24.01,22.125,28.38477,40.36987,4.649926,991.4626,29.28176,465.4646,692.1876,140.1647,207.625,65535,25047,7502,1069,0
2018-03-10 13:15:44.440611,74.804,71.4875,23.75,21.875,28.70215,39.88098,4.378323,991.4345,29.27828,466.2567,692.3951,140.4032,207.25,65535,25068,7386,1057,0
2018-03-10 13:15:49.261532,74.066,70.925,23.46,21.625,29.09277,39.66153,4.256408,991.442,29.27539,466.0451,694.2631,140.3395,208.8125,65535,25183,7221,1042,0
2018-03-10 13:15:54.239105,73.454,70.3625,23.1,21.375,29.44531,39.51709,4.176161,991.403,29.27361,467.1453,693.2253,140.6708,209,65535,24999,6943,1013,0
2018-03-10 13:16:00.024574,73.724,70.475,23.28,21.375,29.21387,39.67319,4.262882,991.4269,29.27132,466.47,694.2631,140.4675,208.9375,65535,24786,6829,1001,0
2018-03-10 13:16:04.930158,73.688,70.1375,23.27,21.25,28.61523,38.93235,3.851309,991.4328,29.27569,466.3041,694.2631,140.4175,208.0625,65535,24920,6835,1000,0
2018-03-10 13:16:09.842785,73.868,70.3625,23.38,21.375,28.7334,39.18131,3.989615,991.4247,29.27598,466.5309,691.3574,140.4858,207.8125,65535,24901,6743,993,0
2018-03-10 13:16:14.758688,74.03,70.5875,23.51,21.4375,28.83008,39.44388,4.13549,991.4094,29.27754,466.9642,691.98,140.6163,207.8125,65535,24420,6646,981,0
2018-03-10 13:16:19.675356,74.264,70.5875,23.6,21.4375,28.96875,39.68232,4.267956,991.4263,29.27932,466.4886,691.1498,140.4731,207.5,65535,24540,6576,974,0
2018-03-10 13:16:24.467765,74.426,70.8125,23.72,21.625,29.16504,40.05178,4.47321,991.4075,29.27902,467.0183,690.1121,140.6326,207.3125,65535,24610,6393,956,0
2018-03-10 13:16:29.357773,74.516,71.0375,23.7,21.6875,29.06445,40.0267,4.459277,991.3387,29.27835,468.9529,690.9423,141.2152,207.875,65535,24101,5977,912,0
2018-03-10 13:16:34.408606,74.408,71.15,23.66,21.75,28.62891,39.59565,4.219804,991.4459,29.27961,465.9351,690.1121,140.3064,207.3125,65535,23899,5734,887,0
2018-03-10 13:16:39.338180,74.498,71.15,23.72,21.75,28.87598,39.79472,4.330399,991.3769,29.27598,467.8781,691.3574,140.8915,208.0625,65535,24339,5663,879,0
2018-03-10 13:16:44.240479,74.156,70.8125,23.51,21.5625,29.38379,39.92574,4.403191,991.3971,29.2765,467.3094,691.5649,140.7203,208.6875,65535,24144,5656,877,0
2018-03-10 13:16:49.172440,74.048,70.5875,23.4,21.5,29.32129,40.00304,4.446133,991.3867,29.27806,467.6023,693.848,140.8084,208.25,65535,22995,5307,839,0
2018-03-10 13:16:54.083344,73.832,70.25,nan,21.25,29.75391,40.02938,4.460768,991.4627,29.27376,465.4612,695.0933,140.1637,208.9375,65535,23290,5200,828,0
2018-03-10 13:16:58.897253,73.418,70.025,23.06,21.125,29.90723,39.91203,4.395573,991.3767,29.27347,467.8849,694.4706,140.8936,208.9375,65535,22484,5108,815,0
2018-03-10 13:17:03.915176,73.292,69.9125,23.06,21.0625,30.08398,39.89244,4.384689,991.3725,29.27162,468.0034,695.0933,140.9292,208.375,65535,19787,4627,765,0
2018-03-10 13:17:08.711281,73.076,69.6875,22.9,21,29.95215,39.5859,4.214389,991.4119,29.27102,466.8914,695.3008,140.5944,209.4375,65535,19312,4469,747,0
2018-03-10 13:17:13.743600,73.022,69.6875,22.82,21,29.84668,39.44228,4.134597,991.3864,29.27088,467.6107,695.5084,140.811,208.9375,65535,19060,4490,747,0
2018-03-10 13:17:18.591604,72.536,69.35,22.58,20.75,30.05176,39.15603,3.975573,991.3736,29.26962,467.9712,696.3386,140.9195,209.625,65535,18989,4490,748,0
2018-03-10 13:17:23.576419,72.482,69.2375,22.57,20.6875,30.30566,39.2854,4.047445,991.3521,29.27006,468.5789,698.2066,141.1025,209.5625,65535,18246,4443,743,0
2018-03-10 13:17:28.491651,72.32,69.0125,22.46,20.5625,30.04492,39.07357,3.929761,991.3681,29.27006,468.127,698.2066,140.9664,209.3125,65535,18075,4496,748,0
2018-03-10 13:17:33.293846,71.942,68.675,22.26,20.375,29.96484,38.6765,3.709168,991.4344,29.26873,466.2601,699.2443,140.4043,209.75,65535,18328,4489,748,0
2018-03-10 13:17:38.086937,71.852,68.5625,22.25,20.375,29.78711,38.39011,3.550061,991.4354,29.26969,466.2313,700.0746,140.3956,210,65535,18566,4538,755,0
2018-03-10 13:17:42.889336,71.888,68.675,22.23,20.375,29.85156,38.45047,3.583597,991.3979,29.27154,467.2857,699.2443,140.7131,210,65535,18151,4623,765,0
2018-03-10 13:17:48.149044,71.906,68.675,22.27,20.4375,30.04199,38.59805,3.665585,991.3982,29.27221,467.279,696.7537,140.7111,209.6875,65535,18839,4771,781,0
2018-03-10 13:17:53.077578,72.086,68.7875,22.35,20.5,30.40137,38.99303,3.885015,991.4023,29.27139,467.1639,696.7537,140.6764,209.4375,65535,18769,4898,794,0
2018-03-10 13:17:57.868325,71.942,68.9,22.3,20.5625,29.87891,38.58373,3.65763,991.4253,29.27132,466.5157,697.3764,140.4812,209.4375,65535,19606,5100,819,0
2018-03-10 13:18:02.680311,71.996,68.7875,22.26,20.4375,30.36133,38.81923,3.788462,991.4037,29.27236,467.1233,696.9613,140.6642,209.3125,65535,19874,5182,828,0
2018-03-10 13:18:07.538691,71.96,68.5625,22.23,20.4375,30.55859,39.17648,3.98693,991.4334,29.27036,466.2872,697.3764,140.4124,209.8125,65535,20841,5634,878,0
2018-03-10 13:18:12.341904,71.834,68.5625,22.18,20.3125,30.29004,38.8871,3.826167,991.4213,29.26984,466.6291,697.1688,140.5154,210.125,65535,22021,6013,918,0
2018-03-10 13:18:17.159532,71.69,68.3375,22.03,20.1875,30.61133,38.9039,3.8355,991.4417,29.27206,466.0536,697.999,140.3421,209.8125,65535,23247,6237,942,0
2018-03-10 13:18:22.564032,71.69,68.3375,22.17,20.25,30.55469,38.89575,3.830973,991.4138,29.27117,466.8389,696.9613,140.5786,209.75,65535,24807,6488,969,0
